"tstep","Nt","NtVul","Ct","Ut","Ft","E","Edot","recaps.efp","recaps.tot","P.recap.efp","P.recap.tot","PTit","PTitVul","cummarks","Sit.sum","Lit.sum","Wit.sum","Kit.sum","Dit.sum","Vit.sum","Xit.sum","Pit.sum","Rit.sum","Tit.sum"
1,3825314.19496996,2578486.6115614,275790,0.106913685930997,0.0533669860089642,65137,0.5,0,0,0,0,0,0,0,0,0,0,0,0,0,0,0,0,0
2,3642503.27794409,2495331.34925374,322648,0.129253367294227,0.0645180510234625,61247,0.5,NA,0,NA,0,0,0,0,0,0,0,0,0,0,0,0,0,0
3,3518584.88387444,2409189.60820309,106884,0.0443194499071432,0.0221224761126094,44701,0.5,NA,0,NA,0,3e-04,4e-04,1250,922,15,9,24,6,21,301,1250,1,922
4,3496703.02122209,2401593.22399277,150523,0.0626314263710158,0.0312630738128393,86829,0.5,NA,0,NA,0,5e-04,8e-04,2500,1822,46,21,101,25,76,278,1250,3,1822
5,3554145.4878723,2399810.00147521,210286,0.0875700411128721,0.0437114212102957,119947,0.5,NA,0,NA,0,5e-04,7e-04,2500,1719,67,44,128,23,104,0,0,4,1719
6,3638520.55871362,2390910.17381978,265295,0.110908941206503,0.0553612557840029,138537,0.5,NA,0,NA,0,4e-04,7e-04,2500,1614,84,42,131,42,111,0,0,10,1614
7,3548975.32812106,2330853.7329721,403556,0.173083137986633,0.0863960990857792,226157,0.5,NA,0,NA,0,4e-04,6e-04,2500,1471,120,96,164,24,135,0,0,17,1471
8,3303578.66009709,2198356.70160945,158552,0.0720709170542172,0.035974885615374,99605,0.5,NA,0,NA,0,4e-04,6e-04,2500,1415,35,20,77,15,56,0,0,5,1415
9,3172797.85650316,2150113.42934337,82643,0.0383839669878841,0.019159723204502,66288,0.5,NA,0,NA,0,4e-04,6e-04,2500,1382,13,7,54,6,40,0,0,1,1382
10,3079326.90494454,2126386.05817408,40721,0.019084869960835,0.00952639486061806,38846,0.5,NA,0,NA,0,4e-04,6e-04,2500,1347,17,8,20,9,14,0,0,0,1347
11,3008430.1904066,2115427.24698248,42683,0.0201171945934056,0.0100416895466385,43409,0.5,NA,0,NA,0,4e-04,6e-04,2500,1323,8,4,21,4,17,0,0,0,1323
12,2938786.41295106,2100788.72249515,134672,0.0640543179895995,0.0319733237349142,63366,0.5,NA,0,NA,0,4e-04,6e-04,2500,1277,31,19,83,12,64,0,0,2,1277
