"tstep","Nt","NtVul","Ct","Ut","Ft","E","Edot","recaps.efp","recaps.tot","P.recap.efp","P.recap.tot","PTit","PTitVul","cummarks","Sit.sum","Lit.sum","Wit.sum","Kit.sum","Dit.sum","Vit.sum","Xit.sum","Pit.sum","Rit.sum","Tit.sum"
1,3825314.19496996,2578486.6115614,275790,0.106913685930997,0.0533669860089642,65137,0.5,0,0,0,0,0,0,0,0,0,0,0,0,0,0,0,0,0
2,3630009.64960511,2492358.56389063,322264,0.129253367294227,0.0645180510234625,61247,0.5,NA,0,NA,0,0,0,0,0,0,0,0,0,0,0,0,0,0
3,3436954.52012543,2389383.52467852,106007,0.0443194499071432,0.0221224761126094,44701,0.5,NA,0,NA,0,1e-04,1e-04,250,186,4,2,3,2,6,57,250,0,186
4,3388451.49862045,2372939.98217981,148729,0.0626314263710158,0.0312630738128393,86829,0.5,NA,0,NA,0,1e-04,2e-04,500,370,14,9,16,5,15,46,250,0,370
5,3374859.98612098,2351015.14146898,206014,0.0875700411128721,0.0437114212102957,119947,0.5,NA,0,NA,0,1e-04,1e-04,500,352,10,7,25,3,18,0,0,1,352
6,3246073.05581755,2286116.60618925,253672,0.110908941206503,0.0553612557840029,138537,0.5,NA,0,NA,0,1e-04,1e-04,500,328,16,9,17,7,11,0,0,1,328
7,3151385.57769257,2213286.00155896,383207,0.173083137986633,0.0863960990857792,226157,0.5,NA,0,NA,0,1e-04,1e-04,500,294,29,22,19,7,29,0,0,1,294
8,2935329.994247,2076897.38481124,149799,0.0720709170542172,0.035974885615374,99605,0.5,NA,0,NA,0,1e-04,1e-04,500,287,3,1,16,2,6,0,0,1,287
9,2818589.7544663,2021890.75013373,77723,0.0383839669878841,0.019159723204502,66288,0.5,NA,0,NA,0,1e-04,1e-04,500,279,5,4,11,1,10,0,0,1,279
10,2735832.46629443,1991097.22555137,38139,0.019084869960835,0.00952639486061806,38846,0.5,NA,0,NA,0,1e-04,1e-04,500,271,3,2,3,1,3,0,0,0,271
11,2674286.21535381,1973134.12038201,39822,0.0201171945934056,0.0100416895466385,43409,0.5,NA,0,NA,0,1e-04,1e-04,500,262,2,1,3,1,2,0,0,0,262
12,2613630.38090265,1951948.93462716,125137,0.0640543179895995,0.0319733237349142,63366,0.5,NA,0,NA,0,1e-04,1e-04,500,254,4,3,14,1,12,0,0,0,254
