"tstep","Nt","NtVul","Ct","Ut","Ft","E","Edot","recaps.efp","recaps.tot","P.recap.efp","P.recap.tot","PTit","PTitVul","cummarks","Sit.sum","Lit.sum","Wit.sum","Kit.sum","Dit.sum","Vit.sum","Xit.sum","Pit.sum","Rit.sum","Tit.sum"
1,3825314.19496996,2578486.6115614,275790,0.106913685930997,0.0533669860089642,65137,0.5,0,0,0,0,0,0,0,0,0,0,0,0,0,0,0,0,0
2,3643597.8046268,2495591.78543878,322682,0.129253367294227,0.0645180510234625,61247,0.5,NA,0,NA,0,0,0,0,0,0,0,0,0,0,0,0,0,0
3,3483174.89011781,2400797.52886268,106513,0.0443194499071432,0.0221224761126094,44701,0.5,NA,0,NA,0,2e-04,3e-04,1000,732,16,9,22,7,17,239,1000,0,732
4,3455926.51498131,2390827.67951226,149849,0.0626314263710158,0.0312630738128393,86829,0.5,NA,0,NA,0,4e-04,6e-04,2000,1438,40,23,58,17,45,222,1000,2,1438
5,3417389.07966214,2364985.43208829,207237,0.0875700411128721,0.0437114212102957,119947,0.5,NA,0,NA,0,4e-04,6e-04,2000,1369,50,29,84,21,67,0,0,3,1369
6,3375126.20667049,2321832.98437835,257633,0.110908941206503,0.0553612557840029,138537,0.5,NA,0,NA,0,4e-04,6e-04,2000,1280,61,35,108,26,84,0,0,9,1280
7,3234760.65955989,2241874.92960182,388155,0.173083137986633,0.0863960990857792,226157,0.5,NA,0,NA,0,4e-04,5e-04,2000,1184,78,56,119,22,113,0,0,3,1184
8,3007961.99293683,2104987.54324813,151822,0.0720709170542172,0.035974885615374,99605,0.5,NA,0,NA,0,4e-04,5e-04,2000,1141,31,18,62,13,42,0,0,2,1141
9,2887157.68945786,2050851.00281394,78834,0.0383839669878841,0.019159723204502,66288,0.5,NA,0,NA,0,4e-04,5e-04,2000,1112,20,12,35,8,27,0,0,3,1112
10,2803069.86922629,2021475.38223287,38718,0.019084869960835,0.00952639486061806,38846,0.5,NA,0,NA,0,4e-04,5e-04,2000,1091,7,2,19,5,10,0,0,0,1091
11,2739778.06923257,2004800.83649811,40460,0.0201171945934056,0.0100416895466385,43409,0.5,NA,0,NA,0,4e-04,5e-04,2000,1071,11,8,16,3,13,0,0,1,1071
12,2677414.46535726,1984808.15528121,127242,0.0640543179895995,0.0319733237349142,63366,0.5,NA,0,NA,0,4e-04,5e-04,2000,1025,27,18,51,9,39,0,0,3,1025
