"tstep","Nt","NtVul","Ct","Ut","Ft","E","Edot","recaps.efp","recaps.tot","P.recap.efp","P.recap.tot","PTit","PTitVul","cummarks","Sit.sum","Lit.sum","Wit.sum","Kit.sum","Dit.sum","Vit.sum","Xit.sum","Pit.sum","Rit.sum","Tit.sum"
1,3825314.19496996,2578486.6115614,275790,0.106913685930997,0.0533669860089642,65137,0.5,0,0,0,0,0,0,0,0,0,0,0,0,0,0,0,0,0
2,3653922.36802609,2498048.45456012,323000,0.129253367294227,0.0645180510234625,61247,0.5,NA,0,NA,0,0,0,0,0,0,0,0,0,0,0,0,0,0
3,3547374.77796975,2416389.70077482,107204,0.0443194499071432,0.0221224761126094,44701,0.5,NA,0,NA,0,3e-04,5e-04,1500,1103,25,10,29,15,29,350,1500,0,1103
4,3700391.33877284,2451288.548502,153635,0.0626314263710158,0.0312630738128393,86829,0.5,NA,0,NA,0,6e-04,9e-04,3000,2175,59,36,100,23,77,337,1500,7,2175
5,3648340.89635773,2429696.42738929,212904,0.0875700411128721,0.0437114212102957,119947,0.5,NA,0,NA,0,6e-04,9e-04,3000,2066,82,36,126,46,109,0,0,10,2066
6,3567581.6117596,2384111.29967589,264541,0.110908941206503,0.0553612557840029,138537,0.5,NA,0,NA,0,5e-04,8e-04,3000,1941,94,42,174,52,144,0,0,11,1941
7,3470607.0969945,2319673.89322222,401620,0.173083137986633,0.0863960990857792,226157,0.5,NA,0,NA,0,5e-04,8e-04,3000,1789,132,84,172,48,144,0,0,15,1789
8,3243193.51682518,2188627.30392345,157852,0.0720709170542172,0.035974885615374,99605,0.5,NA,0,NA,0,5e-04,8e-04,3000,1709,55,25,103,30,91,0,0,7,1709
9,3113213.62404398,2138531.0379139,82200,0.0383839669878841,0.019159723204502,66288,0.5,NA,0,NA,0,5e-04,8e-04,3000,1665,25,14,47,11,34,0,0,2,1665
10,3021348.4136544,2113268.02777237,40471,0.019084869960835,0.00952639486061806,38846,0.5,NA,0,NA,0,5e-04,8e-04,3000,1625,12,6,21,6,15,0,0,0,1625
11,2952192.92603094,2100913.76064324,42392,0.0201171945934056,0.0100416895466385,43409,0.5,NA,0,NA,0,5e-04,8e-04,3000,1594,7,5,27,2,19,0,0,1,1594
12,2884172.94122703,2084933.2070569,133657,0.0640543179895995,0.0319733237349142,63366,0.5,NA,0,NA,0,5e-04,7e-04,3000,1525,50,26,80,24,64,0,0,2,1525
