"tstep","Nt","NtVul","Ct","Ut","Ft","E","Edot","recaps.efp","recaps.tot","P.recap.efp","P.recap.tot","PTit","PTitVul","cummarks","Sit.sum","Lit.sum","Wit.sum","Kit.sum","Dit.sum","Vit.sum","Xit.sum","Pit.sum","Rit.sum","Tit.sum"
1,3825314.19496996,2578486.6115614,275790,0.106913685930997,0.0533669860089642,65137,0.5,0,0,0,0,0,0,0,0,0,0,0,0,0,0,0,0,0
2,3644035.35368041,2495695.89766198,322696,0.129253367294227,0.0645180510234625,61247,0.5,NA,0,NA,0,0,0,0,0,0,0,0,0,0,0,0,0,0
3,3464372.30745603,2396336.94746425,106315,0.0443194499071432,0.0221224761126094,44701,0.5,NA,0,NA,0,3e-04,4e-04,1250,912,13,6,28,7,25,315,1250,1,912
4,3479661.49173188,2395906.55208138,150166,0.0626314263710158,0.0312630738128393,86829,0.5,NA,0,NA,0,5e-04,7e-04,2500,1789,41,23,87,18,59,304,1250,3,1789
5,3457218.69720325,2374646.71307707,208083,0.0875700411128721,0.0437114212102957,119947,0.5,NA,0,NA,0,5e-04,7e-04,2500,1688,77,40,116,37,94,0,0,1,1688
6,3439146.16264882,2338469.01681377,259479,0.110908941206503,0.0553612557840029,138537,0.5,NA,0,NA,0,5e-04,7e-04,2500,1603,64,37,134,27,104,0,0,11,1603
7,3330035.42996272,2267854.3275373,392651,0.173083137986633,0.0863960990857792,226157,0.5,NA,0,NA,0,4e-04,7e-04,2500,1475,114,79,148,35,129,0,0,16,1475
8,3105096.23418373,2134139.90357983,153925,0.0720709170542172,0.035974885615374,99605,0.5,NA,0,NA,0,5e-04,7e-04,2500,1414,38,23,64,15,56,0,0,2,1414
9,2980881.44402557,2081965.20586554,80029,0.0383839669878841,0.019159723204502,66288,0.5,NA,0,NA,0,5e-04,7e-04,2500,1365,30,15,35,15,30,0,0,3,1365
10,2893491.15558322,2054434.96920814,39348,0.019084869960835,0.00952639486061806,38846,0.5,NA,0,NA,0,5e-04,7e-04,2500,1341,5,3,20,2,11,0,0,2,1341
11,2827705.04506753,2039666.81286163,41159,0.0201171945934056,0.0100416895466385,43409,0.5,NA,0,NA,0,5e-04,6e-04,2500,1313,12,9,18,3,21,0,0,0,1313
12,2762937.74834291,2021457.54443641,129590,0.0640543179895995,0.0319733237349142,63366,0.5,NA,0,NA,0,5e-04,6e-04,2500,1257,36,13,66,23,54,0,0,5,1257
